{"cameraMode":{"drawMode":0,"name":"Shaded","section":"Shading Mode"},"sceneLighting":true,"audioPlay":false,"sceneViewState":{"m_AlwaysRefresh":false,"showFog":true,"showSkybox":true,"showFlares":true,"showImageEffects":true,"showParticleSystems":true,"showVisualEffectGraphs":true,"m_FxEnabled":true},"in2DMode":false,"pivot":{"x":-0.2614518404006958,"y":2.162141799926758,"z":7.172600269317627},"rotation":{"x":-0.03030291385948658,"y":0.01109262928366661,"z":-0.0003340162802487612,"w":-0.9994840621948242},"size":6.166350841522217,"orthographic":false}